<?xml version="1.0"?><colortable><color><value>FFCB6F18</value><occurrence>300</occurrence></color><color><value>FFB06C1D</value><occurrence>133</occurrence></color><color><value>FFBC6D1C</value><occurrence>210</occurrence></color><color><value>FFAC631F</value><occurrence>300</occurrence></color><color><value>FFE3990C</value><occurrence>237</occurrence></color><color><value>FFFED606</value><occurrence>440</occurrence></color><color><value>FFF5BC04</value><occurrence>139</occurrence></color><color><value>FFA1591F</value><occurrence>208</occurrence></color><color><value>FF95561D</value><occurrence>106</occurrence></color><color><value>FFB77C11</value><occurrence>101</occurrence></color><color><value>FFFFEA07</value><occurrence>319</occurrence></color><color><value>FFFFDE07</value><occurrence>596</occurrence></color><color><value>FFFEBE01</value><occurrence>284</occurrence></color><color><value>FFF7B201</value><occurrence>333</occurrence></color><color><value>FFFFCC00</value><occurrence>397</occurrence></color><color><value>FFDE880F</value><occurrence>294</occurrence></color><color><value>FF743E1D</value><occurrence>124</occurrence></color><color><value>FF060310</value><occurrence>99</occurrence></color><color><value>FF0A1011</value><occurrence>543</occurrence></color><color><value>FF131B15</value><occurrence>155</occurrence></color><color><value>FF345F3B</value><occurrence>23</occurrence></color><color><value>FF48825E</value><occurrence>254</occurrence></color><color><value>FF457C4B</value><occurrence>141</occurrence></color><color><value>FF3C7346</value><occurrence>181</occurrence></color><color><value>FF49876E</value><occurrence>133</occurrence></color><color><value>FF58957A</value><occurrence>167</occurrence></color><color><value>FF5C9E87</value><occurrence>60</occurrence></color><color><value>FF6AA28A</value><occurrence>98</occurrence></color><color><value>FFCD8614</value><occurrence>155</occurrence></color><color><value>FFC3631B</value><occurrence>215</occurrence></color><color><value>FF351815</value><occurrence>134</occurrence></color><color><value>FF182F24</value><occurrence>38</occurrence></color><color><value>FF568A6E</value><occurrence>226</occurrence></color><color><value>FFF5CB08</value><occurrence>112</occurrence></color><color><value>FFB75B1E</value><occurrence>151</occurrence></color><color><value>FFDA7416</value><occurrence>186</occurrence></color><color><value>FFEAB00A</value><occurrence>139</occurrence></color><color><value>FFF09E05</value><occurrence>278</occurrence></color><color><value>FF583D12</value><occurrence>60</occurrence></color><color><value>FF3E2C18</value><occurrence>106</occurrence></color><color><value>FF8D5519</value><occurrence>139</occurrence></color><color><value>FF49593B</value><occurrence>19</occurrence></color><color><value>FF7C9459</value><occurrence>30</occurrence></color><color><value>FFACB867</value><occurrence>34</occurrence></color><color><value>FF80852D</value><occurrence>9</occurrence></color><color><value>FF7B5211</value><occurrence>102</occurrence></color><color><value>FFBD9814</value><occurrence>35</occurrence></color><color><value>FF9F4A1F</value><occurrence>128</occurrence></color><color><value>FFBA8513</value><occurrence>35</occurrence></color><color><value>FF7A4E20</value><occurrence>88</occurrence></color><color><value>FF5F2919</value><occurrence>97</occurrence></color><color><value>FF5B3F1F</value><occurrence>139</occurrence></color><color><value>FFB7531E</value><occurrence>71</occurrence></color><color><value>FF588B62</value><occurrence>103</occurrence></color><color><value>FF55844C</value><occurrence>92</occurrence></color><color><value>FF4E2A1B</value><occurrence>134</occurrence></color><color><value>FFB64B1B</value><occurrence>85</occurrence></color><color><value>FF893D1E</value><occurrence>89</occurrence></color><color><value>FF953F1D</value><occurrence>54</occurrence></color><color><value>FF862C1A</value><occurrence>84</occurrence></color><color><value>FF7BAA82</value><occurrence>19</occurrence></color><color><value>FF702A1A</value><occurrence>124</occurrence></color><color><value>FF9E3B1E</value><occurrence>67</occurrence></color><color><value>FFB5381B</value><occurrence>48</occurrence></color></colortable>