<?xml version="1.0"?><colortable><color><value>FFC31119</value><occurrence>132</occurrence></color><color><value>FFAD191F</value><occurrence>448</occurrence></color><color><value>FF9C1921</value><occurrence>541</occurrence></color><color><value>FF941922</value><occurrence>311</occurrence></color><color><value>FF841921</value><occurrence>428</occurrence></color><color><value>FF731A20</value><occurrence>195</occurrence></color><color><value>FF7B1920</value><occurrence>493</occurrence></color><color><value>FF8B1921</value><occurrence>395</occurrence></color><color><value>FF71171B</value><occurrence>168</occurrence></color><color><value>FFC41121</value><occurrence>117</occurrence></color><color><value>FFB91119</value><occurrence>62</occurrence></color><color><value>FFCE0F19</value><occurrence>124</occurrence></color><color><value>FFB51920</value><occurrence>281</occurrence></color><color><value>FFB83036</value><occurrence>28</occurrence></color><color><value>FFC84848</value><occurrence>14</occurrence></color><color><value>FF993333</value><occurrence>36</occurrence></color><color><value>FF6B1B20</value><occurrence>219</occurrence></color><color><value>FF95232B</value><occurrence>71</occurrence></color><color><value>FFB43F41</value><occurrence>26</occurrence></color><color><value>FF91141A</value><occurrence>43</occurrence></color><color><value>FFBE191F</value><occurrence>283</occurrence></color><color><value>FFCF1021</value><occurrence>106</occurrence></color><color><value>FFD70F1A</value><occurrence>224</occurrence></color><color><value>FFCC6666</value><occurrence>12</occurrence></color><color><value>FFA51921</value><occurrence>396</occurrence></color><color><value>FF5A1619</value><occurrence>193</occurrence></color><color><value>FF51171A</value><occurrence>259</occurrence></color><color><value>FF4A171A</value><occurrence>238</occurrence></color><color><value>FF3A1619</value><occurrence>315</occurrence></color><color><value>FF431719</value><occurrence>269</occurrence></color><color><value>FF62171A</value><occurrence>294</occurrence></color><color><value>FFA9212A</value><occurrence>77</occurrence></color><color><value>FF311318</value><occurrence>306</occurrence></color><color><value>FF281216</value><occurrence>334</occurrence></color><color><value>FF220F12</value><occurrence>225</occurrence></color><color><value>FF190F11</value><occurrence>408</occurrence></color><color><value>FF0F0F10</value><occurrence>86</occurrence></color><color><value>FF84292E</value><occurrence>51</occurrence></color><color><value>FFB32A2F</value><occurrence>24</occurrence></color><color><value>FFE38589</value><occurrence>8</occurrence></color><color><value>FFD42931</value><occurrence>36</occurrence></color><color><value>FFB8212A</value><occurrence>71</occurrence></color><color><value>FF2C0F12</value><occurrence>24</occurrence></color><color><value>FF080A0D</value><occurrence>219</occurrence></color><color><value>FF5A1B20</value><occurrence>67</occurrence></color><color><value>FFC52A31</value><occurrence>54</occurrence></color><color><value>FFC31A28</value><occurrence>36</occurrence></color><color><value>FFCD0B15</value><occurrence>11</occurrence></color><color><value>FFD61827</value><occurrence>61</occurrence></color><color><value>FF110C0F</value><occurrence>256</occurrence></color><color><value>FFD11822</value><occurrence>216</occurrence></color><color><value>FFB51220</value><occurrence>42</occurrence></color><color><value>FFC52029</value><occurrence>67</occurrence></color><color><value>FF621921</value><occurrence>51</occurrence></color><color><value>FFD04C53</value><occurrence>15</occurrence></color><color><value>FFD4353A</value><occurrence>35</occurrence></color><color><value>FFE11729</value><occurrence>37</occurrence></color><color><value>FFDA1021</value><occurrence>142</occurrence></color><color><value>FFC41A21</value><occurrence>83</occurrence></color><color><value>FF4A2023</value><occurrence>18</occurrence></color><color><value>FFD2202A</value><occurrence>73</occurrence></color><color><value>FFDE1B22</value><occurrence>22</occurrence></color><color><value>FFDF091C</value><occurrence>114</occurrence></color><color><value>FFEA202E</value><occurrence>10</occurrence></color></colortable>