<?xml version="1.0"?><colortable><color><value>FF000000</value><occurrence>76</occurrence></color><color><value>FF1F211E</value><occurrence>332</occurrence></color><color><value>FF2F312A</value><occurrence>350</occurrence></color><color><value>FF101010</value><occurrence>275</occurrence></color><color><value>FF181916</value><occurrence>309</occurrence></color><color><value>FF090809</value><occurrence>314</occurrence></color><color><value>FF373A3A</value><occurrence>125</occurrence></color><color><value>FF39413E</value><occurrence>124</occurrence></color><color><value>FF212924</value><occurrence>157</occurrence></color><color><value>FF333333</value><occurrence>153</occurrence></color><color><value>FF56595E</value><occurrence>116</occurrence></color><color><value>FF48493F</value><occurrence>205</occurrence></color><color><value>FF2A2824</value><occurrence>341</occurrence></color><color><value>FF3A372E</value><occurrence>186</occurrence></color><color><value>FF44413B</value><occurrence>215</occurrence></color><color><value>FF51514D</value><occurrence>201</occurrence></color><color><value>FF5A5A50</value><occurrence>163</occurrence></color><color><value>FF464B4A</value><occurrence>129</occurrence></color><color><value>FF62635C</value><occurrence>112</occurrence></color><color><value>FF625C5B</value><occurrence>118</occurrence></color><color><value>FF6D6462</value><occurrence>141</occurrence></color><color><value>FF484F56</value><occurrence>56</occurrence></color><color><value>FF8C8586</value><occurrence>106</occurrence></color><color><value>FF857C7E</value><occurrence>120</occurrence></color><color><value>FF5D534B</value><occurrence>185</occurrence></color><color><value>FF433C30</value><occurrence>76</occurrence></color><color><value>FF756B63</value><occurrence>214</occurrence></color><color><value>FF666666</value><occurrence>90</occurrence></color><color><value>FF717376</value><occurrence>86</occurrence></color><color><value>FF655A52</value><occurrence>222</occurrence></color><color><value>FF7E7374</value><occurrence>159</occurrence></color><color><value>FF948585</value><occurrence>142</occurrence></color><color><value>FF6D635A</value><occurrence>199</occurrence></color><color><value>FF766C6B</value><occurrence>166</occurrence></color><color><value>FF686B70</value><occurrence>60</occurrence></color><color><value>FF7F736B</value><occurrence>233</occurrence></color><color><value>FF91847C</value><occurrence>182</occurrence></color><color><value>FF887B74</value><occurrence>246</occurrence></color><color><value>FF544C40</value><occurrence>178</occurrence></color><color><value>FF8B7E7C</value><occurrence>133</occurrence></color><color><value>FF9C8C8E</value><occurrence>155</occurrence></color><color><value>FF998C83</value><occurrence>184</occurrence></color><color><value>FFA59591</value><occurrence>202</occurrence></color><color><value>FFAD9E9E</value><occurrence>178</occurrence></color><color><value>FFA99C94</value><occurrence>148</occurrence></color><color><value>FFC5BFBB</value><occurrence>155</occurrence></color><color><value>FFB4A4A3</value><occurrence>165</occurrence></color><color><value>FFBDB0AB</value><occurrence>121</occurrence></color><color><value>FF9B9491</value><occurrence>103</occurrence></color><color><value>FFC0B5B6</value><occurrence>170</occurrence></color><color><value>FFB5ACAA</value><occurrence>163</occurrence></color><color><value>FF918D90</value><occurrence>102</occurrence></color><color><value>FFCCCCCC</value><occurrence>154</occurrence></color><color><value>FFD4D5D5</value><occurrence>82</occurrence></color><color><value>FFE1E8E5</value><occurrence>42</occurrence></color><color><value>FFDADEDD</value><occurrence>49</occurrence></color><color><value>FFA59BA0</value><occurrence>146</occurrence></color><color><value>FF999999</value><occurrence>101</occurrence></color><color><value>FFACA4A3</value><occurrence>97</occurrence></color><color><value>FFB6B0B8</value><occurrence>119</occurrence></color><color><value>FFC3C2C8</value><occurrence>115</occurrence></color><color><value>FF797B81</value><occurrence>68</occurrence></color><color><value>FF82848C</value><occurrence>87</occurrence></color><color><value>FFACA8AF</value><occurrence>99</occurrence></color></colortable>