<?xml version="1.0"?><colortable><color><value>FFE1D9C3</value><occurrence>249</occurrence></color><color><value>FFE0DFD3</value><occurrence>123</occurrence></color><color><value>FFE3E8E7</value><occurrence>230</occurrence></color><color><value>FFD6D2C1</value><occurrence>320</occurrence></color><color><value>FFB0A38B</value><occurrence>323</occurrence></color><color><value>FFA6A091</value><occurrence>365</occurrence></color><color><value>FFB1AF99</value><occurrence>314</occurrence></color><color><value>FF999999</value><occurrence>28</occurrence></color><color><value>FFAFA076</value><occurrence>153</occurrence></color><color><value>FFBDAF88</value><occurrence>144</occurrence></color><color><value>FFCDC9B5</value><occurrence>244</occurrence></color><color><value>FFD8D5D2</value><occurrence>322</occurrence></color><color><value>FFC1B599</value><occurrence>282</occurrence></color><color><value>FFA49B6F</value><occurrence>121</occurrence></color><color><value>FFC7A175</value><occurrence>160</occurrence></color><color><value>FFB09864</value><occurrence>79</occurrence></color><color><value>FF847C3E</value><occurrence>32</occurrence></color><color><value>FFAFB2A5</value><occurrence>316</occurrence></color><color><value>FFC0BDB0</value><occurrence>328</occurrence></color><color><value>FFD2C7A6</value><occurrence>251</occurrence></color><color><value>FFD3BB9A</value><occurrence>216</occurrence></color><color><value>FFC3A25E</value><occurrence>118</occurrence></color><color><value>FFC1C8C0</value><occurrence>311</occurrence></color><color><value>FFCDCDBE</value><occurrence>169</occurrence></color><color><value>FFC89E4B</value><occurrence>56</occurrence></color><color><value>FFCCCCCC</value><occurrence>188</occurrence></color><color><value>FFB2B8B0</value><occurrence>99</occurrence></color><color><value>FFDAAF51</value><occurrence>69</occurrence></color><color><value>FFC4BAA6</value><occurrence>365</occurrence></color><color><value>FFEAE8DA</value><occurrence>144</occurrence></color><color><value>FFDADEE2</value><occurrence>297</occurrence></color><color><value>FFCAD3DA</value><occurrence>125</occurrence></color><color><value>FFD2B689</value><occurrence>213</occurrence></color><color><value>FFCBB178</value><occurrence>145</occurrence></color><color><value>FFE2D5B2</value><occurrence>153</occurrence></color><color><value>FFE7CF90</value><occurrence>52</occurrence></color><color><value>FFB17548</value><occurrence>16</occurrence></color><color><value>FFE5D29F</value><occurrence>76</occurrence></color><color><value>FFD1B167</value><occurrence>120</occurrence></color><color><value>FF964C33</value><occurrence>21</occurrence></color><color><value>FFB45F36</value><occurrence>14</occurrence></color><color><value>FFDAA22A</value><occurrence>46</occurrence></color><color><value>FFD2843C</value><occurrence>4</occurrence></color><color><value>FFE2B139</value><occurrence>93</occurrence></color><color><value>FFE4EBEF</value><occurrence>244</occurrence></color><color><value>FFEBCE69</value><occurrence>49</occurrence></color><color><value>FF52772D</value><occurrence>98</occurrence></color><color><value>FFF1F5F6</value><occurrence>249</occurrence></color><color><value>FF657D3B</value><occurrence>128</occurrence></color><color><value>FFE9D480</value><occurrence>47</occurrence></color><color><value>FF436A2B</value><occurrence>222</occurrence></color><color><value>FF3C5533</value><occurrence>107</occurrence></color><color><value>FF343429</value><occurrence>25</occurrence></color><color><value>FF2A2720</value><occurrence>182</occurrence></color><color><value>FF18251D</value><occurrence>220</occurrence></color><color><value>FF728A6B</value><occurrence>48</occurrence></color><color><value>FF819579</value><occurrence>51</occurrence></color><color><value>FF809989</value><occurrence>43</occurrence></color><color><value>FF294B28</value><occurrence>205</occurrence></color><color><value>FF709559</value><occurrence>32</occurrence></color><color><value>FF51784C</value><occurrence>65</occurrence></color><color><value>FF45654D</value><occurrence>85</occurrence></color><color><value>FF1E3427</value><occurrence>264</occurrence></color><color><value>FF2C4B37</value><occurrence>142</occurrence></color></colortable>