<?xml version="1.0"?><colortable><color><value>FF4E7941</value><occurrence>668</occurrence></color><color><value>FF518444</value><occurrence>692</occurrence></color><color><value>FF5A8247</value><occurrence>394</occurrence></color><color><value>FF688044</value><occurrence>38</occurrence></color><color><value>FFC7A83C</value><occurrence>29</occurrence></color><color><value>FFF7BD28</value><occurrence>56</occurrence></color><color><value>FFFDD127</value><occurrence>64</occurrence></color><color><value>FFF7D641</value><occurrence>248</occurrence></color><color><value>FFF6DE46</value><occurrence>124</occurrence></color><color><value>FFF9A722</value><occurrence>83</occurrence></color><color><value>FFFB8818</value><occurrence>260</occurrence></color><color><value>FFFB8526</value><occurrence>289</occurrence></color><color><value>FFFCAC28</value><occurrence>49</occurrence></color><color><value>FFFDD221</value><occurrence>50</occurrence></color><color><value>FFFFB214</value><occurrence>125</occurrence></color><color><value>FFFEBF15</value><occurrence>87</occurrence></color><color><value>FFE7411E</value><occurrence>460</occurrence></color><color><value>FFE3521A</value><occurrence>158</occurrence></color><color><value>FFF7771D</value><occurrence>411</occurrence></color><color><value>FFEF5622</value><occurrence>580</occurrence></color><color><value>FFFE9815</value><occurrence>166</occurrence></color><color><value>FFF7DA2A</value><occurrence>81</occurrence></color><color><value>FFFDDD21</value><occurrence>17</occurrence></color><color><value>FFF9772C</value><occurrence>371</occurrence></color><color><value>FFF7C636</value><occurrence>71</occurrence></color><color><value>FFEEB02B</value><occurrence>28</occurrence></color><color><value>FFFFCC33</value><occurrence>52</occurrence></color><color><value>FFF9BE20</value><occurrence>60</occurrence></color><color><value>FFF66720</value><occurrence>503</occurrence></color><color><value>FFFBC622</value><occurrence>74</occurrence></color><color><value>FF678949</value><occurrence>106</occurrence></color><color><value>FFF9AF3B</value><occurrence>43</occurrence></color><color><value>FFF6682C</value><occurrence>422</occurrence></color><color><value>FFF4A61A</value><occurrence>65</occurrence></color><color><value>FFFBDF2A</value><occurrence>8</occurrence></color><color><value>FFFFD215</value><occurrence>29</occurrence></color><color><value>FFF8E32B</value><occurrence>7</occurrence></color><color><value>FFEE4922</value><occurrence>504</occurrence></color><color><value>FFE4371D</value><occurrence>371</occurrence></color><color><value>FFB77F23</value><occurrence>153</occurrence></color><color><value>FFE3A423</value><occurrence>14</occurrence></color><color><value>FF90682A</value><occurrence>88</occurrence></color><color><value>FF835A25</value><occurrence>114</occurrence></color><color><value>FFA56C24</value><occurrence>183</occurrence></color><color><value>FFE9A919</value><occurrence>53</occurrence></color><color><value>FFF2A60F</value><occurrence>160</occurrence></color><color><value>FFD29325</value><occurrence>49</occurrence></color><color><value>FFB46823</value><occurrence>143</occurrence></color><color><value>FFDF9D22</value><occurrence>27</occurrence></color><color><value>FFE2A11B</value><occurrence>21</occurrence></color><color><value>FFCB8221</value><occurrence>64</occurrence></color><color><value>FF9E5221</value><occurrence>62</occurrence></color><color><value>FF993821</value><occurrence>82</occurrence></color><color><value>FF7C3021</value><occurrence>68</occurrence></color><color><value>FFFEE119</value><occurrence>5</occurrence></color><color><value>FFE69F0F</value><occurrence>90</occurrence></color><color><value>FFE0960F</value><occurrence>40</occurrence></color><color><value>FFD4801B</value><occurrence>26</occurrence></color><color><value>FFB34C1F</value><occurrence>92</occurrence></color><color><value>FFE88516</value><occurrence>54</occurrence></color><color><value>FFCE2F1C</value><occurrence>193</occurrence></color><color><value>FFCE491C</value><occurrence>177</occurrence></color><color><value>FFDE7A19</value><occurrence>69</occurrence></color><color><value>FFB82D1F</value><occurrence>130</occurrence></color></colortable>